<?xml version="1.0" encoding="UTF-8"?>
<project-private xmlns="http://www.netbeans.org/ns/project-private/1">
    <editor-bookmarks xmlns="http://www.netbeans.org/ns/editor-bookmarks/2" lastBookmarkId="0"/>
    <open-files xmlns="http://www.netbeans.org/ns/projectui-open-files/2">
        <group>
            <file>file:/C:/Users/Indira/Documents/NetBeansProjects/CRSTallerlosMangos/src/Modelo/DAOFactura.java</file>
            <file>file:/C:/Users/Indira/Documents/NetBeansProjects/CRSTallerlosMangos/src/Vistas/NewJInternalFrameFactura.java</file>
            <file>file:/C:/Users/Indira/Documents/NetBeansProjects/CRSTallerlosMangos/src/Vistas/NewJInternalFrameRegistroClientes.java</file>
            <file>file:/C:/Users/Indira/Documents/NetBeansProjects/CRSTallerlosMangos/src/Controlador/SistemaRegistrosMDI.java</file>
            <file>file:/C:/Users/Indira/Documents/NetBeansProjects/CRSTallerlosMangos/src/Modelo/DAOClientes.java</file>
        </group>
    </open-files>
</project-private>
